{
    "A": 0.0008096944497633832,
    "a": 0.0776157780999535,
    "r": 0.08711874606778455,
    "o": 0.05885056213584266,
    "n": 0.07457395300489646,
    "b": 0.014716743715293924,
    "i": 0.0877150750882184,
    "s": 0.06765872473124163,
    "e": 0.1623163826353366,
    "m": 0.03022676915501819,
    "t": 0.07304209864047925,
    "d": 0.023656208113357224,
    "u": 0.0447793856169817,
    "-": 0.0011707744070902973,
    "j": 0.002139125201739749,
    "g": 0.016812101649478897,
    "l": 0.04258008042235413,
    "y": 0.0033536668763848236,
    "c": 0.041020871515715186,
    "q": 0.00619853926744536,
    "h": 0.011849987690456,
    "f": 0.01361709111798014,
    "v": 0.013606149301091447,
    "p": 0.028394014826161884,
    "x": 0.004322017671034275,
    "D": 0.00034466723199387257,
    "N": 0.0003337254151051782,
    "F": 0.00034466723199387257,
    "P": 0.0004376726755477747,
    " ": 0.0018272834204119594,
    "k": 0.0009902344284268402,
    "z": 0.0010066471537598818,
    "C": 0.0006400962879886205,
    ")": 1.6412725333041552e-05,
    "!": 2.7354542221735918e-05,
    "'": 7.659271822086058e-05,
    "w": 0.0002790163306617064,
    "B": 0.0008534617173181607,
    "M": 0.0006619799217660093,
    "W": 0.00011488907733129086,
    "S": 0.0006182126542112318,
    "I": 0.0001641272533304155,
    "E": 0.00036107995732691413,
    "R": 0.00036107995732691413,
    "J": 0.00022430724621823453,
    "U": 6.565090133216621e-05,
    "X": 1.0941816888694367e-05,
    "G": 0.0003337254151051782,
    "T": 0.00031731268977213664,
    "H": 0.0002844872391060536,
    "L": 0.0004650272177695106,
    "K": 0.00015318543644172116,
    "V": 0.00024619087999562327,
    "Z": 3.829635911043029e-05,
    "O": 0.00015318543644172116,
    "Q": 2.1883633777388735e-05,
    ".": 1.6412725333041552e-05,
    "Y": 6.565090133216621e-05
}